{
  "clipPlane": 6074,
  "l1x": 4987,
  "l2y": 10000,
  "l2x": 10000,
  "l1y": 3918,
  "maxBlobPoints": 60,
  "l2Rot": 0,
  "l1Rot": 0.89996337890625,
  "minBlobPoints": 3,
  "displayscaleFactor": 0.18437500298023224
}