{
  "clipPlane": 18475,
  "l1x": 3075,
  "l2y": 10000,
  "l2x": 10000,
  "l1y": 2831,
  "l2Rot": 0,
  "l1Rot": -3.600006103515625,
  "displayscaleFactor": 0.2718749940395355
}