{
  "clipPlane": 18475,
  "l1x": 2887,
  "l2y": 10000,
  "l2x": 10000,
  "l1y": 2831,
  "l2Rot": 0,
  "l1Rot": 1.79998779296875,
  "displayscaleFactor": 0.29999998211860657
}