{
  "clipPlane": 3929,
  "l1x": 2700,
  "l2y": 10000,
  "l2x": 10000,
  "l1y": 1931,
  "l2Rot": 0,
  "l1Rot": 1.79998779296875,
  "displayscaleFactor": 0.25312498211860657
}